{"cameraMode":{"drawMode":0,"name":"Shaded","section":"Shading Mode"},"sceneLighting":false,"audioPlay":false,"sceneViewState":{"showFog":true,"showMaterialUpdate":false,"showSkybox":true,"showFlares":true,"showImageEffects":true,"showParticleSystems":true},"in2DMode":false,"pivot":{"x":4.349334239959717,"y":7.725619316101074,"z":-0.9753055572509766},"rotation":{"x":0.03697318956255913,"y":0.16561689972877503,"z":-0.006211589090526104,"w":0.9854832887649536},"size":24.910011291503908,"orthographic":false}