{"cameraMode":{"drawMode":0,"name":"Shaded","section":"Shading Mode"},"sceneLighting":false,"audioPlay":false,"sceneViewState":{"showFog":true,"showMaterialUpdate":false,"showSkybox":true,"showFlares":true,"showImageEffects":true,"showParticleSystems":true},"in2DMode":false,"pivot":{"x":128.02609252929688,"y":-67.07555389404297,"z":82.67828369140625},"rotation":{"x":0.3097279965877533,"y":0.4160274267196655,"z":-0.15318454802036286,"w":0.8411537408828735},"size":137.28379821777345,"orthographic":false}